State,District,Year,Temperature,Min_Temperature,Max_Temperature,Rainfall,wspd,pres,Forest_Loss,Elevation,NDVI,State_ID,District_ID,Temp_Range,Rainfall_per_Elevation,Vegetation_Forest_Index,Temperature_Scaled,Rainfall_Scaled,NDVI_Scaled,Forest_Loss_Scaled,Elevation_Scaled
Karnataka,Shivamogga,2021.0,24.50686813186813,13.2,37.2,1779.7,8.926923076923076,1010.807967032967,0.0191438223433161,677.8775989889841,0.5868659691704522,1,4,24.000000000000004,2.6215329577090354,0.575631111317315,-1.615757544531763,-1.2228504358175032,0.0,1.282354595833814,1.126707070679264
Karnataka,Shivamogga,2022.0,24.79600550964188,12.8,37.0,1452.4,9.242424242424242,1010.3842975206612,0.0191438223433161,677.8775989889841,0.586865969170452,1,4,24.2,2.1394136471183924,0.5756311113173148,-1.455626074206579,-1.5979973457213492,-2.220446049250313e-16,1.282354595833814,1.126707070679264
Karnataka,Shivamogga,2023.0,25.86246575342465,13.0,39.3,751.4,11.691780821917808,1011.5665753424656,0.0191438223433161,677.8775989889841,0.586865969170452,1,4,26.299999999999997,1.1068269171335445,0.5756311113173148,-0.8649938695598285,-2.401474228833467,-2.220446049250313e-16,1.282354595833814,1.126707070679264
Karnataka,Shivamogga,2024.0,25.99382022471909,13.9,41.0,1359.0,10.7688202247191,1010.7101123595504,0.0191438223433161,677.8775989889841,0.586865969170452,1,4,27.1,2.001833617759498,0.5756311113173148,-0.792246496722322,-1.7050511843556886,-2.220446049250313e-16,1.282354595833814,1.126707070679264
Karnataka,Uttara Kannada,2015.0,27.601680672268905,20.4,35.5,3006.5,9.943331978503364,1009.976557801537,0.0089878245480117,429.982020972934,0.586865969170452,1,7,15.100000000000001,6.975929049691868,0.5815913208063491,0.09822660477108389,0.1832914189641606,-2.220446049250313e-16,-0.34836124521845657,0.21280196762559175
Karnataka,Uttara Kannada,2016.0,27.820394736842104,20.3,36.8,3210.2,9.943331978503364,1009.976557801537,0.0089878245480117,429.982020972934,0.586865969170452,1,7,16.499999999999996,7.448570575526636,0.5815913208063491,0.2193558928989898,0.4167696516174249,-2.220446049250313e-16,-0.34836124521845657,0.21280196762559175
Karnataka,Uttara Kannada,2017.0,28.04198717948718,22.1,36.8,3043.5,9.943331978503364,1009.976557801537,0.0089878245480117,429.982020972934,0.5868659691704522,1,7,14.699999999999996,7.061779498665292,0.5815913208063493,0.34207929838505363,0.22570032720260336,0.0,-0.34836124521845657,0.21280196762559175
Karnataka,Uttara Kannada,2018.0,27.71925675675676,20.2,37.6,2738.6,9.943331978503364,1009.976557801537,0.0089878245480117,429.982020972934,0.5868659691704522,1,7,17.400000000000002,6.354325393476184,0.5815913208063493,0.16334316434246848,-0.12377200041634791,0.0,-0.34836124521845657,0.21280196762559175
Karnataka,Uttara Kannada,2019.0,27.7324427480916,22.0,37.0,4671.3,9.943331978503364,1009.976557801537,0.0089878245480117,429.982020972934,0.5868659691704522,1,7,15.0,10.838735197015009,0.5815913208063493,0.17064589426414373,2.091463052352255,0.0,-0.34836124521845657,0.21280196762559175
Karnataka,Uttara Kannada,2020.0,27.46934306569344,21.5,35.8,4865.3,9.943331978503364,1009.976557801537,0.0089878245480117,429.982020972934,0.5868659691704522,1,7,14.299999999999997,11.288869983524313,0.5815913208063493,0.024934747165501755,2.3138232739267925,0.0,-0.34836124521845657,0.21280196762559175
Karnataka,Uttara Kannada,2021.0,26.86868131868132,18.2,35.6,3241.7,11.202747252747251,1009.3953296703296,0.0089878245480117,429.982020972934,0.5868659691704522,1,7,17.400000000000002,7.5216594712742815,0.5815913208063493,-0.3077266660967089,0.45287453295555863,0.0,-0.34836124521845657,0.21280196762559175
Karnataka,Uttara Kannada,2022.0,26.858402203856752,16.7,35.7,2810.6,11.269421487603308,1009.1011019283746,0.0089878245480117,429.982020972934,0.586865969170452,1,7,19.000000000000004,6.521385726613658,0.5815913208063491,-0.31341949551631865,-0.041246557357756626,-2.220446049250313e-16,-0.34836124521845657,0.21280196762559175
Karnataka,Uttara Kannada,2023.0,27.66493150684932,17.0,37.4,2327.1,14.733972602739724,1010.3693150684932,0.0089878245480117,429.982020972934,0.5868659691704522,1,7,20.4,5.399529183947429,0.5815913208063493,0.1332564899372366,-0.59542783123038,0.0,-0.34836124521845657,0.21280196762559175
Karnataka,Uttara Kannada,2024.0,27.62182320441989,17.7,36.9,3530.4,14.780112044817928,1009.4731092436976,0.0089878245480117,429.982020972934,0.586865969170452,1,7,19.2,8.191525001507458,0.5815913208063491,0.10938203999791012,0.783778635886327,-2.220446049250313e-16,-0.34836124521845657,0.21280196762559175
Karnataka,Chikkamagaluru,2021.0,25.06868131868132,13.7,35.2,2397.6,10.243956043956045,1011.7453296703296,0.0180343129189331,890.5947155150526,0.5868659691704522,1,0,21.500000000000004,2.6891141886310583,0.5762822446409593,-1.304611430026738,-0.5146216682355095,0.0,1.1042042426528922,1.9109213751693983
Karnataka,Chikkamagaluru,2022.0,27.481955922865016,14.6,39.6,2083.8,10.295592286501378,1011.841046831956,0.0180343129189331,890.5947155150526,0.5868659691704522,1,0,25.0,2.3371605548337504,0.5762822446409593,0.03192006113437347,-0.8742950575658694,0.0,1.1042042426528922,1.9109213751693983
Karnataka,Chikkamagaluru,2023.0,27.89301369863014,16.6,41.1,1164.2,12.41095890410959,1013.1602739726028,0.0180343129189331,890.5947155150526,0.5868659691704522,1,0,24.5,1.3057502245596757,0.5762822446409593,0.2595740798872723,-1.9283283552975439,0.0,1.1042042426528922,1.9109213751693983
Karnataka,Chikkamagaluru,2024.0,28.23609550561797,16.6,42.1,1842.9,11.873595505617978,1012.3323033707863,0.0180343129189331,890.5947155150526,0.5868659691704522,1,0,25.5,2.066970528123197,0.5762822446409593,0.4495813166471357,-1.1504114357994062,0.0,1.1042042426528922,1.9109213751693983
Karnataka,Kodagu,2015.0,30.15,25.4,35.2,4.1,9.943331978503364,1009.976557801537,0.0210771784153426,682.7863867146641,0.5868659691704522,1,2,9.800000000000004,0.005996024606016149,0.5744964904323536,1.5095492222397202,-3.258019556579096,0.0,1.5927873506051744,1.1448040701828843
Karnataka,Kodagu,2016.0,28.516013071895426,22.1,39.1,2101.2,9.943331978503364,1009.976557801537,0.0210771784153426,682.7863867146641,0.5868659691704522,1,2,17.0,3.0728894883319833,0.5744964904323536,0.6046066260795628,-0.8543514088267103,0.0,1.5927873506051744,1.1448040701828843
Karnataka,Kodagu,2017.0,28.349127906976744,22.5,36.5,2828.8,9.943331978503364,1009.976557801537,0.0210771784153426,682.7863867146641,0.586865969170452,1,2,14.0,4.136964489145972,0.5744964904323534,0.5121814715054603,-0.02038595925127907,-2.220446049250313e-16,1.5927873506051744,1.1448040701828843
Karnataka,Kodagu,2018.0,28.054140127388536,22.2,36.4,3160.9,9.943331978503364,1009.976557801537,0.0210771784153426,682.7863867146641,0.5868659691704522,1,2,14.2,4.62264248223328,0.5744964904323536,0.34880990316266325,0.36026264685647313,0.0,1.5927873506051744,1.1448040701828843
Karnataka,Kodagu,2019.0,28.40704697986577,21.5,36.8,3615.1,9.943331978503364,1009.976557801537,0.0210771784153426,682.7863867146641,0.5868659691704522,1,2,15.299999999999997,5.2868850129778,0.5744964904323536,0.544258494452139,0.8808606501510863,0.0,1.5927873506051744,1.1448040701828843
Karnataka,Kodagu,2020.0,28.41043165467626,22.1,36.4,4243.5,9.943331978503364,1009.976557801537,0.0210771784153426,682.7863867146641,0.5868659691704522,1,2,14.299999999999997,6.2058854672267145,0.5744964904323536,0.5461330115351589,1.601124378179125,0.0,1.5927873506051744,1.1448040701828843
Karnataka,Kodagu,2021.0,20.74862637362637,11.8,31.8,3310.9,9.242307692307692,1012.1642857142856,0.0210771784153426,682.7863867146641,0.586865969170452,1,2,20.0,4.842009236111919,0.5744964904323534,-3.6971652933966648,0.5321906532285383,-2.220446049250313e-16,1.5927873506051744,1.1448040701828843
Karnataka,Kodagu,2022.0,20.871016483516485,11.0,33.0,2683.2,9.11510989010989,1011.7464285714286,0.0210771784153426,682.7863867146641,0.5868659691704522,1,2,22.0,3.924032493381105,0.5744964904323536,-3.629382606838232,-0.18727074410309744,0.0,1.5927873506051744,1.1448040701828843
Karnataka,Kodagu,2023.0,21.38041095890411,10.7,33.8,1781.7,10.74109589041096,1013.0435616438356,0.0210771784153426,682.7863867146641,0.586865969170452,1,2,23.099999999999998,2.6056383025704815,0.5744964904323534,-3.347267278313757,-1.220558062399209,-2.220446049250313e-16,1.5927873506051744,1.1448040701828843
Karnataka,Kodagu,2024.0,21.9366391184573,13.2,35.5,2446.7,10.275211267605632,1012.2087323943662,0.0210771784153426,682.7863867146641,0.586865969170452,1,2,22.3,3.5781642447657833,0.5744964904323534,-3.039214290798525,-0.4583439008163869,-2.220446049250313e-16,1.5927873506051744,1.1448040701828843
Kerala,Wayanad,2015.0,28.943181818181817,22.1,37.0,2509.7,5.897338403041825,1009.976557801537,0.016563322225584,651.7235297761591,0.5868659691704522,2,8,14.899999999999999,3.8449663379848746,0.5771455190198523,0.8411833009684495,-0.3861341381401195,0.0,0.8680120068891247,1.0302860795889262
Kerala,Wayanad,2016.0,28.812749003984063,20.0,39.1,1805.5,7.131908831908833,1009.976557801537,0.016563322225584,651.7235297761591,0.5868659691704522,2,8,19.1,2.766102212707372,0.5771455190198523,0.76894636475164,-1.193278818721508,0.0,0.8680120068891247,1.0302860795889262
Kerala,Wayanad,2017.0,28.3336569579288,21.0,37.2,2142.3,7.203611111111112,1009.976557801537,0.016563322225584,651.7235297761591,0.5868659691704522,2,8,16.200000000000003,3.282094029511495,0.5771455190198523,0.503613275177997,-0.8072431350807641,0.0,0.8680120068891247,1.0302860795889262
Kerala,Wayanad,2018.0,28.03277027027028,20.0,36.7,2988.3,8.098005698005698,1009.976557801537,0.016563322225584,651.7235297761591,0.5868659691704522,2,8,16.700000000000003,4.578201740367455,0.5771455190198523,0.3369747448468018,0.16243082085768357,0.0,0.8680120068891247,1.0302860795889262
Kerala,Wayanad,2019.0,28.47873376623377,19.0,37.0,3228.3,8.486363636363636,1009.976557801537,0.016563322225584,651.7235297761591,0.586865969170452,2,8,18.0,4.945891871106735,0.5771455190198521,0.5839604195106767,0.43751563105298785,-2.220446049250313e-16,0.8680120068891247,1.0302860795889262
Kerala,Wayanad,2020.0,27.816229508196724,21.0,37.4,3100.5,6.842372881355932,1008.8417582417582,0.016563322225584,651.7235297761591,0.586865969170452,2,8,16.4,4.750096876488068,0.5771455190198521,0.21704908569073167,0.2910329696239881,-2.220446049250313e-16,0.8680120068891247,1.0302860795889262
Kerala,Wayanad,2021.0,24.98123287671233,17.9,32.2,3770.7,6.388767123287671,1010.5980821917808,0.016563322225584,651.7235297761591,0.586865969170452,2,8,14.300000000000004,5.776871566577506,0.5771455190198521,-1.3530425519313531,1.059207302094375,-2.220446049250313e-16,0.8680120068891247,1.0302860795889262
Kerala,Wayanad,2022.0,24.67287671232877,17.5,32.0,3177.9,7.434246575342466,1010.2884931506848,0.016563322225584,651.7235297761591,0.586865969170452,2,8,14.5,4.868676943651486,0.5771455190198521,-1.523817864230173,0.37974782091197384,-2.220446049250313e-16,0.8680120068891247,1.0302860795889262
Kerala,Wayanad,2023.0,25.166986301369864,17.0,33.0,2360.6,9.706027397260272,1011.5164383561644,0.016563322225584,651.7235297761591,0.5868659691704522,2,8,16.0,3.6165388442630975,0.5771455190198523,-1.2501676858819526,-0.5570305764739522,0.0,0.8680120068891247,1.0302860795889262
Kerala,Wayanad,2024.0,25.508196721311474,18.3,34.4,3132.1,9.946994535519126,1010.795224719101,0.016563322225584,651.7235297761591,0.586865969170452,2,8,16.099999999999998,4.79850941036874,0.5771455190198521,-1.061196869807531,0.3272524696330364,-2.220446049250313e-16,0.8680120068891247,1.0302860795889262
Kerala,Kannur,2015.0,28.96969696969697,22.1,37.0,2513.8,5.897338403041825,1009.976557801537,0.0111795203424652,83.79522847380736,0.5868659691704522,2,1,14.899999999999999,29.64553601947656,0.5803050891298106,0.8558680512788671,-0.38143477263261594,0.0,0.0035522863535381814,-1.0634687864023409
Kerala,Kannur,2016.0,28.916129032258063,20.0,39.1,2144.9,7.131908831908833,1009.976557801537,0.0111795203424652,83.79522847380736,0.5868659691704522,2,1,19.1,25.295055377585832,0.5803050891298106,0.8262007953521989,-0.8042630496369817,0.0,0.0035522863535381814,-1.0634687864023409
Kerala,Kannur,2017.0,28.53719135802469,21.0,37.0,2914.5,7.203611111111112,1009.976557801537,0.0111795203424652,83.79522847380736,0.5868659691704522,2,1,16.0,34.371037763053714,0.5803050891298106,0.6163356876175703,0.0778422417226273,0.0,0.0035522863535381814,-1.0634687864023409
Kerala,Kannur,2018.0,28.272990353697747,20.0,36.6,3386.7,8.098005698005698,1009.976557801537,0.0111795203424652,83.79522847380736,0.586865969170452,2,1,16.6,39.939747329605076,0.5803050891298104,0.47001460104615866,0.6190716057818882,-2.220446049250313e-16,0.0035522863535381814,-1.0634687864023409
Kerala,Kannur,2019.0,28.61076923076924,19.0,37.0,3912.5,8.486363636363636,1009.976557801537,0.0111795203424652,83.79522847380736,0.586865969170452,2,1,18.0,46.14056793547697,0.5803050891298104,0.6570849433405842,1.2217365774514344,-2.220446049250313e-16,0.0035522863535381814,-1.0634687864023409
Kerala,Kannur,2020.0,28.20402476780185,21.0,37.4,4362.1,6.842372881355932,1008.8417582417582,0.0111795203424652,83.79522847380736,0.586865969170452,2,1,16.4,51.44275307127007,0.5803050891298104,0.4318197444821996,1.7370621218839715,-2.220446049250313e-16,0.0035522863535381814,-1.0634687864023409
Kerala,Kannur,2021.0,28.5527397260274,20.9,35.7,3801.8,9.209041095890411,1009.4476712328768,0.0111795203424652,83.79522847380736,0.586865969170452,2,1,14.800000000000004,44.8350699494176,0.5803050891298104,0.6249467604875039,1.0948537087488504,-2.220446049250313e-16,0.0035522863535381814,-1.0634687864023409
Kerala,Kannur,2022.0,28.49958904109589,20.4,37.0,3296.6,9.525753424657534,1009.1501369863014,0.0111795203424652,83.79522847380736,0.5868659691704522,2,1,16.6,38.87718754149352,0.5803050891298106,0.5955105893760222,0.5158001832877346,0.0,0.0035522863535381814,-1.0634687864023409
Kerala,Kannur,2023.0,28.937534246575343,20.9,38.3,2965.2,12.492876712328766,1010.324383561644,0.0111795203424652,83.79522847380736,0.5868659691704522,2,1,17.4,34.96894876479906,0.5803050891298106,0.8380555353641731,0.13595390787638512,0.0,0.0035522863535381814,-1.0634687864023409
Kerala,Kannur,2024.0,28.933060109289617,22.2,37.0,3777.5,12.651366120218578,1009.5269662921348,0.0111795203424652,83.79522847380736,0.5868659691704522,2,1,14.8,44.54849722077042,0.5803050891298106,0.8355776468686889,1.0670013717165756,0.0,0.0035522863535381814,-1.0634687864023409
Goa,North Goa,2015.0,28.903125,19.9,36.6,2083.5,9.943331978503364,1009.976557801537,0.0063713314701765,71.22257531512109,0.586865969170452,0,3,16.700000000000003,28.84832049963998,0.5831268515523006,0.8189988388923556,-0.8746389135786138,-2.220446049250313e-16,-0.7684831077893797,-1.1098198023123678
Goa,North Goa,2016.0,27.979938271604937,17.6,36.5,2860.6,9.943331978503364,1009.976557801537,0.0063713314701765,71.22257531512109,0.5868659691704522,0,3,18.9,39.60811404908573,0.5831268515523008,0.30771507011488364,0.016062778099598437,0.0,-0.7684831077893797,-1.1098198023123678
Goa,North Goa,2017.0,28.22712121212121,17.5,36.9,2374.5,9.943331978503364,1009.976557801537,0.0063713314701765,71.22257531512109,0.5868659691704522,0,3,19.4,32.87753157014405,0.5831268515523008,0.44461112972827127,-0.5410985812168073,0.0,-0.7684831077893797,-1.1098198023123678
Goa,North Goa,2018.0,28.02528901734104,17.6,36.8,2185.4,8.28231707317073,1009.9969512195122,0.0063713314701765,71.22257531512109,0.5868659691704522,0,3,19.199999999999996,30.259236678624053,0.5831268515523008,0.33283144092443234,-0.7578424879165241,0.0,-0.7684831077893797,-1.1098198023123678
Goa,North Goa,2019.0,27.85604395604396,15.9,36.0,4051.1,10.666483516483517,1009.5875690607736,0.0063713314701765,71.22257531512109,0.586865969170452,0,3,20.1,56.09187961415479,0.5831268515523006,0.23909931704806223,1.3805980553392225,-2.220446049250313e-16,-0.7684831077893797,-1.1098198023123678
Goa,North Goa,2020.0,27.75722713864307,15.8,36.8,4313.6,9.46913946587537,1009.41568627451,0.0063713314701765,71.22257531512109,0.586865969170452,0,3,20.999999999999996,59.72647722930022,0.5831268515523006,0.18437210611083954,1.681472066490337,-2.220446049250313e-16,-0.7684831077893797,-1.1098198023123678
Goa,North Goa,2021.0,27.980821917808218,19.2,36.0,3023.8,9.435616438356163,1008.9419178082192,0.0063713314701765,71.22257531512109,0.5868659691704522,0,3,16.8,41.86779530924472,0.5831268515523008,0.30820445535752555,0.20312044903240567,0.0,-0.7684831077893797,-1.1098198023123678
Goa,North Goa,2022.0,27.819726027397262,17.6,38.6,2605.9,9.939669421487602,1008.741046831956,0.0063713314701765,71.22257531512109,0.5868659691704522,0,3,21.0,36.0815159059332,0.5831268515523008,0.2189855449784016,-0.275870976720168,0.0,-0.7684831077893797,-1.1098198023123678
Goa,North Goa,2023.0,28.6572602739726,19.2,38.1,2328.6,15.88986301369863,1009.9561643835616,0.0063713314701765,71.22257531512109,0.586865969170452,0,3,18.900000000000002,32.241996215724335,0.5831268515523006,0.6828328392453858,-0.5937085511666594,-2.220446049250313e-16,-0.7684831077893797,-1.1098198023123678
Goa,North Goa,2024.0,28.306420765027323,19.0,37.2,3751.3,14.35901639344262,1009.0494535519124,0.0063713314701765,71.22257531512109,0.5868659691704522,0,3,18.200000000000003,51.940822985504894,0.5831268515523008,0.4885291942163631,1.0369712799369217,0.0,-0.7684831077893797,-1.1098198023123678
Goa,South Goa,2015.0,28.903125,19.9,36.6,2083.5,9.943331978503364,1009.976557801537,0.0041982583472109,211.3577735559305,0.5868659691704522,0,6,16.700000000000003,9.811272576048415,0.5844021542166883,0.8189988388923556,-0.8746389135786138,0.0,-1.1174064570070545,-0.593189881703531
Goa,South Goa,2016.0,28.036419753086417,17.6,36.5,3010.3,9.943331978503364,1009.976557801537,0.0041982583472109,211.3577735559305,0.5868659691704522,0,6,18.9,14.175605392694285,0.5844021542166883,0.3389959191888191,0.1876469284589198,0.0,-1.1174064570070545,-0.593189881703531
Goa,South Goa,2017.0,28.297727272727272,17.5,36.9,2679.7,9.943331978503364,1009.976557801537,0.0041982583472109,211.3577735559305,0.5868659691704522,0,6,19.4,12.618798714680555,0.5844021542166883,0.48371452198343895,-0.19128239758511228,0.0,-1.1174064570070545,-0.593189881703531
Goa,South Goa,2018.0,28.06083815028901,17.6,36.8,2314.4,8.28231707317073,1009.9969512195122,0.0041982583472109,211.3577735559305,0.5868659691704522,0,6,19.199999999999996,10.898588552918863,0.5844021542166883,0.352519434817072,-0.6099844024365481,0.0,-1.1174064570070545,-0.593189881703531
Goa,South Goa,2019.0,27.91607142857143,17.1,36.9,4080.5,10.666483516483517,1009.5875690607736,0.0041982583472109,211.3577735559305,0.586865969170452,0,6,19.799999999999997,19.215213701255365,0.5844021542166882,0.272344024147988,1.4142959445881473,-2.220446049250313e-16,-1.1174064570070545,-0.593189881703531
Goa,South Goa,2020.0,27.747935103244835,15.8,36.8,4448.4,9.46913946587537,1009.41568627451,0.0041982583472109,211.3577735559305,0.586865969170452,0,6,20.999999999999996,20.94766735171287,0.5844021542166882,0.1792259458250619,1.8359780348833654,-2.220446049250313e-16,-1.1174064570070545,-0.593189881703531
Goa,South Goa,2021.0,27.923013698630136,19.7,36.0,3295.5,11.35945205479452,1009.1230136986302,0.0041982583472109,211.3577735559305,0.5868659691704522,0,6,16.3,15.518621921942668,0.5844021542166883,0.2761888259527715,0.5145393779076729,0.0,-1.1174064570070545,-0.593189881703531
Goa,South Goa,2022.0,27.866986301369867,18.1,36.3,2765.6,11.701652892561984,1008.915702479339,0.0041982583472109,211.3577735559305,0.5868659691704522,0,6,18.199999999999996,13.023304745053753,0.5844021542166883,0.24515946001309502,-0.09282495926937619,0.0,-1.1174064570070545,-0.593189881703531
Goa,South Goa,2023.0,28.51383561643836,18.4,37.8,2617.4,14.636164383561644,1010.0906849315068,0.0041982583472109,211.3577735559305,0.586865969170452,0,6,19.4,12.325425889392427,0.5844021542166882,0.6034006970966268,-0.2626898295649764,-2.220446049250313e-16,-1.1174064570070545,-0.593189881703531
Goa,South Goa,2024.0,28.38989071038252,19.6,36.2,3705.2,14.654918032786885,1009.2243169398906,0.0041982583472109,211.3577735559305,0.5868659691704522,0,6,16.6,17.44791319835593,0.5844021542166883,0.5347569257556236,0.98413207264524,0.0,-1.1174064570070545,-0.593189881703531
Maharashtra,Sindhudurg,2015.0,28.574812030075183,17.6,36.6,2434.6,9.943331978503364,1009.976557801537,0.0037790065371252,145.36970527411776,0.586865969170452,3,5,19.0,16.633223353429166,0.5846481988365405,0.6371709513819845,-0.4722127599970667,-2.220446049250313e-16,-1.184724369227623,-0.836465025318631
Maharashtra,Sindhudurg,2016.0,27.69620689655172,17.6,36.5,3016.6,9.943331978503364,1009.976557801537,0.0037790065371252,145.36970527411776,0.5868659691704522,3,5,18.9,20.60945599603813,0.5846481988365407,0.15057757853740003,0.19486790472654622,0.0,-1.184724369227623,-0.836465025318631
Maharashtra,Sindhudurg,2017.0,28.03818770226537,17.5,36.9,2223.8,9.943331978503364,1009.976557801537,0.0037790065371252,145.36970527411776,0.5868659691704522,3,5,19.4,15.193034623082143,0.5846481988365407,0.3399750534109854,-0.7138289182852753,0.0,-1.184724369227623,-0.836465025318631
Maharashtra,Sindhudurg,2018.0,27.764119601328904,17.6,36.6,2266.0,9.943331978503364,1009.976557801537,0.0037790065371252,145.36970527411776,0.5868659691704522,3,5,19.0,15.48134564974554,0.5846481988365407,0.1881893233538748,-0.6654598391592679,0.0,-1.184724369227623,-0.836465025318631
Maharashtra,Sindhudurg,2019.0,27.865420560747665,15.9,36.0,3222.5,9.943331978503364,1009.976557801537,0.0037790065371252,145.36970527411776,0.586865969170452,3,5,20.1,22.01616785362092,0.5846481988365405,0.24429231391835132,0.43086774813993445,-2.220446049250313e-16,-1.184724369227623,-0.836465025318631
Maharashtra,Sindhudurg,2020.0,27.72117647058824,18.1,36.8,3299.6,9.943331978503364,1009.976557801537,0.0037790065371252,145.36970527411776,0.5868659691704522,3,5,18.699999999999996,22.54291619854386,0.5846481988365407,0.16440634960341755,0.5192387434151758,0.0,-1.184724369227623,-0.836465025318631
Maharashtra,Sindhudurg,2021.0,26.93365384615385,17.6,35.8,3211.7,10.497252747252746,1009.2799450549452,0.0037790065371252,145.36970527411776,0.586865969170452,3,5,18.199999999999996,21.94238209324261,0.5846481988365405,-0.2717432645903805,0.4184889316811456,-2.220446049250313e-16,-1.184724369227623,-0.836465025318631
Maharashtra,Sindhudurg,2022.0,26.92232876712329,16.0,37.3,2530.6,10.96253443526171,1009.0887052341598,0.0037790065371252,145.36970527411776,0.5868659691704522,3,5,21.299999999999997,17.28909677901415,0.5846481988365407,-0.27801537499919604,-0.36217883591894495,0.0,-1.184724369227623,-0.836465025318631
Maharashtra,Sindhudurg,2023.0,27.66780821917808,17.6,37.1,2176.7,15.435616438356163,1010.3484931506848,0.0037790065371252,145.36970527411776,0.586865969170452,3,5,19.5,14.871246723654508,0.5846481988365405,0.13484968476543138,-0.7678143122861042,-2.220446049250313e-16,-1.184724369227623,-0.836465025318631
Maharashtra,Sindhudurg,2024.0,27.502808988764045,16.7,37.0,3329.0,15.561344537815126,1009.4745098039216,0.0037790065371252,145.36970527411776,0.5868659691704522,3,5,20.3,22.74377743512926,0.5846481988365407,0.04346900762102404,0.5529366326641008,0.0,-1.184724369227623,-0.836465025318631
